{"means": [0.22543362403100775, 6.499760174418607, 0.14328246124031005, 13.379442829457375, 5.889343507751945, 4.122703488372094, 3.4827575096899204, 0.4667562984496124, 0.0846487403100775, 0.03360222868217055, 0.011821947674418605, 0.10506540697674419, 0.20869670542635668, 0.2788410852713179, 1.2589898255813958, 2.034922238372099, 0.38641230620155054, 0.6138207364341085, 3.2313638565891485, 0.22032073643410846, 0.022339147286821705, 0.1311894379844962, 1.7853473837209322, 0.994474321705426, 0.12539486434108527, 2.9159738372093007, 6.808968507751942, 0.026218507751937983, 0.25750968992248063, 33.43171027131782, 0.03794331395348839, 0.0014055232558139528, 1.6312136627906977, 0.19479651162790695, 1.2771051356589145, 1.8439382267441866, 1.025029069767442, 0.30060562015503867, 3.9769767441860497, 0.4742393410852714, 0.04390261627906978, 2.131819288736149], "stds": [2.8480908302275614, 9.491090919815996, 2.5432776228307974, 17.78099408351891, 12.011814611636572, 15.481913582551968, 7.6548546930849515, 4.545536713552838, 0.8131791364101602, 0.864029803057619, 0.18446346412811104, 1.78556874028306, 2.0768246267400716, 2.6231278641264373, 9.025732409418895, 5.3838135647182765, 3.8538152424590053, 2.1781296454632946, 7.232898331591069, 2.4513568749888948, 0.5333706973106569, 2.367238074988287, 4.7876615363490345, 5.883757020011076, 1.9234855207858352, 12.172779862747895, 18.24366909432565, 0.45507846225710435, 3.8042737307873065, 25.354618306642177, 0.8688667896280465, 0.015394506477157966, 5.347202861257256, 3.2372252830305435, 9.67005160351412, 5.945505978979087, 7.585526211039019, 3.4574748263629678, 9.805459164819716, 1.8755200303988757, 0.8720598884012356, 0.5218788427277248]}